     1	variant_id	6989	9905	10385
     2	chrom	1	1	1
     3	start	12854089	16946534	17087243
     4	end	12854090	16946535	17087245
     5	vcf_id	rs79698223	rs437905	rs58502471;rs796218806
     6	ref	T	T	AC
     7	alt	A	C	A
     8	qual	1784.80004883	31.7999992371	2329.69995117
     9	filter	None	None	None
    10	type	snp	snp	indel
    11	sub_type	tv	ts	del
    12	call_rate	1.0	1.0	1.0
    13	num_hom_ref	0	0	0
    14	num_het	1	1	1
    15	num_hom_alt	0	0	0
    16	num_unknown	0	0	0
    17	aaf	0.5	0.5	0.5
    18	hwe	None	None	None
    19	inbreeding_coef	None	None	None
    20	pi	None	None	None
    21	gene	PRAMEF1	CROCCP2	MST1L
    22	ensembl_gene_id	None	None	None
    23	transcript	ENST00000332296	ENST00000540383	NM_001271733.1
    24	is_exonic	1	0	0
    25	is_coding	1	0	0
    26	is_lof	1	0	1
    27	is_splicing	0	1	1
    28	is_canonical	1	0	1
    29	exon	3/4		
    30	codon_change	tTg/tAg		
    31	aa_change	L/*		
    32	aa_length	105/474		
    33	biotype	protein_coding	lincRNA	protein_coding
    34	impact	stop_gained	splice_acceptor_variant	splice_donor_variant
    35	impact_so	stop_gained	splice_acceptor_variant	splice_donor_variant
    36	impact_severity	HIGH	HIGH	HIGH
    37	polyphen_pred			
    38	polyphen_score	None	None	None
    39	sift_pred			
    40	sift_score	None	None	None
    41	ab	None	None	None
    42	abp	None	None	None
    43	ac	1	1	1
    44	af			0.2482
    45	an	2	2	2
    46	ao	None	None	None
    47	bqb	None	None	None
    48	brf	None	None	None
    49	baseqranksum	-1.22099995613	1.65999996662	0.284000009298
    50	cadd_phred	33	None	None
    51	callers	gatk-haplotype,samtools,freebayes	gatk-haplotype,samtools	gatk-haplotype,freebayes
    52	cigar	None	None	None
    53	clippingranksum	0.0	0.0	0.0
    54	db	1	0	1
    55	decomposed	0	0	0
    56	dp	170	11	430
    57	dpb	None	None	None
    58	dpra	None	None	None
    59	ds	0	0	0
    60	epp	None	None	None
    61	eppr	None	None	None
    62	excesshet	3.01029992104	3.01029992104	3.01029992104
    63	fr	None	None	None
    64	fs	0.0	0.0	0.0
    65	gc	None	None	None
    66	gerp_score	1.7	None	None
    67	hob	None	None	None
    68	hp	None	None	None
    69	hrun	None	None	None
    70	hapscore	None	None	None
    71	haplotypescore	None	None	None
    72	icb	None	None	None
    73	idv	None	None	None
    74	imf	None	None	None
    75	indel	0	0	0
    76	inbreedingcoeff	None	None	None
    77	len	None	None	None
    78	meanalt	None	None	None
    79	mgof	None	None	None
    80	min_dp	None	None	None
    81	mleac	1	1	1
    82	mleaf	0.5	0.5	0.5
    83	mmlq	None	None	None
    84	mq	51.0999984741	60.0	54.6899986267
    85	mq0	0	0	0
    86	mq0f	None	None	None
    87	mqb	None	None	None
    88	mqm	None	None	None
    89	mqmr	None	None	None
    90	mqranksum	-9.85900020599	0.0	1.86199998856
    91	mqsb	None	None	None
    92	nf	None	None	None
    93	nr	None	None	None
    94	ns	None	None	None
    95	numalt	None	None	None
    96	odds	None	None	None
    97	old_multiallelic	None	None	None
    98	old_variant	None	None	None
    99	paired	None	None	None
   100	pairedr	None	None	None
   101	pao	None	None	None
   102	pp	None	None	None
   103	pqa	None	None	None
   104	pqr	None	None	None
   105	pro	None	None	None
   106	qa	None	None	None
   107	qd	10.5	2.8900001049	5.51000022888
   108	qr	None	None	None
   109	ro	None	None	None
   110	rpb	None	None	None
   111	rpl	None	None	None
   112	rpp	None	None	None
   113	rppr	None	None	None
   114	rpr	None	None	None
   115	run	None	None	None
   116	readposranksum	0.559000015259	-0.980000019073	0.603999972343
   117	revel_score	.	None	None
   118	saf	None	None	None
   119	sap	None	None	None
   120	sar	None	None	None
   121	sc	None	None	None
   122	sgb	None	None	None
   123	sor	0.735000014305	0.693000018597	0.667999982834
   124	srf	None	None	None
   125	srp	None	None	None
   126	srr	None	None	None
   127	sbpval	None	None	None
   128	size	None	None	None
   129	source	Ensembl	Ensembl	RefSeq
   130	tc	None	None	None
   131	tcf	None	None	None
   132	tcr	None	None	None
   133	tr	None	None	None
   134	vdb	None	None	None
   135	vest3_score	.	None	None
   136	we	None	None	None
   137	ws	None	None	None
   138	ac_adj_exac_afr	3448.0	None	1911.0
   139	ac_adj_exac_amr	5559.0	None	2579.0
   140	ac_adj_exac_eas	3974.0	None	3345.0
   141	ac_adj_exac_fin	3281.0	None	2113.0
   142	ac_adj_exac_nfe	32410.0	None	18696.0
   143	ac_adj_exac_oth	437.0	None	260.0
   144	ac_adj_exac_sas	7654.0	None	3665.0
   145	ac_exac_all	56763.0	None	32569.0
   146	af_1kg_afr	-1.0	-1.0	-1.0
   147	af_1kg_all	-1.0	-1.0	-1.0
   148	af_1kg_amr	-1.0	-1.0	-1.0
   149	af_1kg_eas	-1.0	-1.0	-1.0
   150	af_1kg_eur	-1.0	-1.0	-1.0
   151	af_1kg_sas	-1.0	-1.0	-1.0
   152	af_adj_exac_afr	0.360300004482	-1.0	0.196400001645
   153	af_adj_exac_amr	0.484100013971	-1.0	0.22879999876
   154	af_adj_exac_eas	0.474500000477	-1.0	0.396899998188
   155	af_adj_exac_fin	0.496800005436	-1.0	0.324699997902
   156	af_adj_exac_nfe	0.488999992609	-1.0	0.287000000477
   157	af_adj_exac_oth	0.486600011587	-1.0	0.293500006199
   158	af_adj_exac_sas	0.469099998474	-1.0	0.223700001836
   159	af_esp_aa	-1.0	-1.0	-1.0
   160	af_esp_all	-1.0	-1.0	-1.0
   161	af_esp_ea	-1.0	-1.0	-1.0
   162	af_exac_all	0.474900007248	-1.0	0.275200009346
   163	an_adj_exac_afr	9570.0	-1.0	9732.0
   164	an_adj_exac_amr	11484.0	-1.0	11274.0
   165	an_adj_exac_eas	8376.0	-1.0	8428.0
   166	an_adj_exac_fin	6604.0	-1.0	6508.0
   167	an_adj_exac_nfe	66276.0	-1.0	65140.0
   168	an_adj_exac_oth	898.0	-1.0	886.0
   169	an_adj_exac_sas	16316.0	-1.0	16386.0
   170	an_exac_all	119524.0	-1.0	118354.0
   171	cheo_ac_afr	None	None	None
   172	cheo_ac_amr	None	None	None
   173	cheo_ac_asj	None	None	None
   174	cheo_ac_eas	None	None	None
   175	cheo_ac_fin	None	None	None
   176	cheo_ac_nfe	None	None	None
   177	cheo_ac_oth	None	None	None
   178	cheo_ac_total	None	None	None
   179	cheo_af_afr	-1.0	-1.0	-1.0
   180	cheo_af_amr	-1.0	-1.0	-1.0
   181	cheo_af_asj	-1.0	-1.0	-1.0
   182	cheo_af_eas	-1.0	-1.0	-1.0
   183	cheo_af_fin	-1.0	-1.0	-1.0
   184	cheo_af_nfe	-1.0	-1.0	-1.0
   185	cheo_af_oth	-1.0	-1.0	-1.0
   186	cheo_af_popmax	-1.0	-1.0	-1.0
   187	cheo_af_sas	-1.0	-1.0	-1.0
   188	cheo_af_total	-1.0	-1.0	-1.0
   189	cheo_an_afr	None	None	None
   190	cheo_an_amr	None	None	None
   191	cheo_an_asj	None	None	None
   192	cheo_an_eas	None	None	None
   193	cheo_an_fin	None	None	None
   194	cheo_an_nfe	None	None	None
   195	cheo_an_oth	None	None	None
   196	cheo_an_total	None	None	None
   197	cheo_cadd_phred	33	None	None
   198	cheo_clinsig	None	None	None
   199	cheo_clinsigconf	None	None	None
   200	cheo_entrezid	65121	None	11223
   201	cheo_exon	NM_023013.4_cds_2_0_chr1_12854064_f	None	NM_001271733.1_cds_12_0_chr1_17087246_r
   202	cheo_genename	PRAMEF1	None	MST1L
   203	cheo_geneinfo	"Sym:PRAMEF1|Syn:--|Desc:PRAME_family_member_1|ensg_gi:ENSG00000116721"	None	"Sym:MST1L|Syn:BRF-1|D1F15S1A|MSPL-7|MSPL7|MST1P9|MSTP7|MSTP9-|Desc:macrophage_stimulating_1_like|ensg_gi:NA"
   204	cheo_gerp_score	1.7	None	None
   205	cheo_gnomadlof	"Sym:PRAMEF1|oe_mis:1.3917e+00|pLI:3.2165e-11|pNull:9.8752e-01|pRec:1.2483e-02|oe_lof:1.3458e+00|ensg_gn:ENSG00000116721|ensg_gi:ENSG00000116721"	None	None
   206	cheo_mim	None	None	None
   207	cheo_myopathygene	None	None	None
   208	cheo_omimp	None	None	None
   209	cheo_orpha	None	None	None
   210	cheo_revel_score	.	None	None
   211	cheo_vest3_score	.	None	None
   212	cheo_ge_ac	None	None	None
   213	cheo_ge_ac_afr	None	None	None
   214	cheo_ge_ac_amr	None	None	None
   215	cheo_ge_ac_asj	None	None	None
   216	cheo_ge_ac_eas	None	None	None
   217	cheo_ge_ac_fin	None	None	None
   218	cheo_ge_ac_nfe	None	None	None
   219	cheo_ge_ac_oth	None	None	None
   220	cheo_ge_ac_sas	None	None	None
   221	cheo_ge_af	-1.0	-1.0	-1.0
   222	cheo_ge_af_afr	-1.0	-1.0	-1.0
   223	cheo_ge_af_amr	-1.0	-1.0	-1.0
   224	cheo_ge_af_asj	-1.0	-1.0	-1.0
   225	cheo_ge_af_eas	-1.0	-1.0	-1.0
   226	cheo_ge_af_fin	-1.0	-1.0	-1.0
   227	cheo_ge_af_nfe	-1.0	-1.0	-1.0
   228	cheo_ge_af_oth	-1.0	-1.0	-1.0
   229	cheo_ge_af_sas	-1.0	-1.0	-1.0
   230	cheo_ge_an	None	None	None
   231	cheo_ge_an_afr	None	None	None
   232	cheo_ge_an_amr	None	None	None
   233	cheo_ge_an_asj	None	None	None
   234	cheo_ge_an_eas	None	None	None
   235	cheo_ge_an_fin	None	None	None
   236	cheo_ge_an_nfe	None	None	None
   237	cheo_ge_an_oth	None	None	None
   238	cheo_ge_an_sas	None	None	None
   239	cheo_gg_ac	None	None	None
   240	cheo_gg_ac_afr	None	None	None
   241	cheo_gg_ac_amr	None	None	None
   242	cheo_gg_ac_asj	None	None	None
   243	cheo_gg_ac_eas	None	None	None
   244	cheo_gg_ac_fin	None	None	None
   245	cheo_gg_ac_nfe	None	None	None
   246	cheo_gg_ac_oth	None	None	None
   247	cheo_gg_af	-1.0	-1.0	-1.0
   248	cheo_gg_af_afr	-1.0	-1.0	-1.0
   249	cheo_gg_af_amr	-1.0	-1.0	-1.0
   250	cheo_gg_af_asj	-1.0	-1.0	-1.0
   251	cheo_gg_af_eas	-1.0	-1.0	-1.0
   252	cheo_gg_af_fin	-1.0	-1.0	-1.0
   253	cheo_gg_af_nfe	-1.0	-1.0	-1.0
   254	cheo_gg_af_oth	-1.0	-1.0	-1.0
   255	cheo_gg_an	None	None	None
   256	cheo_gg_an_afr	None	None	None
   257	cheo_gg_an_amr	None	None	None
   258	cheo_gg_an_asj	None	None	None
   259	cheo_gg_an_eas	None	None	None
   260	cheo_gg_an_fin	None	None	None
   261	cheo_gg_an_nfe	None	None	None
   262	cheo_gg_an_oth	None	None	None
   263	cheo_phastcons20way_mammalian	0.068000	None	None
   264	cheo_phylop20way_mammalian	0.700000	None	None
   265	clinvar_disease_name	None	None	None
   266	clinvar_pathogenic	None	None	None
   267	clinvar_sig	None	None	None
   268	common_pathogenic	0	0	0
   269	cosmic_ids	None	None	None
   270	gnomad_ac	42482	14422	53188
   271	gnomad_ac_acr	None	None	None
   272	gnomad_ac_amr	None	None	None
   273	gnomad_ac_asj	None	None	None
   274	gnomad_ac_eas	None	None	None
   275	gnomad_ac_fin	None	None	None
   276	gnomad_ac_nfe	None	None	None
   277	gnomad_ac_oth	None	None	None
   278	gnomad_ac_popmax	None	None	None
   279	gnomad_ac_sas	None	None	None
   280	gnomad_af	0.291500002145767	0.497200012207031	0.233600005507469
   281	gnomad_af_afr	-1.0	-1.0	-1.0
   282	gnomad_af_amr	-1.0	-1.0	-1.0
   283	gnomad_af_asj	-1.0	-1.0	-1.0
   284	gnomad_af_eas	-1.0	-1.0	-1.0
   285	gnomad_af_fin	-1.0	-1.0	-1.0
   286	gnomad_af_nfe	-1.0	-1.0	-1.0
   287	gnomad_af_oth	-1.0	-1.0	-1.0
   288	gnomad_af_popmax	0.5	0.61470001936	0.374199986458
   289	gnomad_af_sas	-1.0	-1.0	-1.0
   290	gnomad_an	145720	29008	227668
   291	gnomad_an_amr	None	None	None
   292	gnomad_an_anr	None	None	None
   293	gnomad_an_asj	None	None	None
   294	gnomad_an_eas	None	None	None
   295	gnomad_an_fin	None	None	None
   296	gnomad_an_nfe	None	None	None
   297	gnomad_an_oth	None	None	None
   298	gnomad_an_popmax	None	None	None
   299	gnomad_an_sas	None	None	None
   300	gnomad_gc	None	None	None
   301	gnomad_gc_female	None	None	None
   302	gnomad_gc_male	None	None	None
   303	gnomad_hom	36	None	144
   304	gnomad_hom_female	None	None	None
   305	gnomad_hom_male	None	None	None
   306	gnomad_popmax	None	None	None
   307	gnomad_ac_es	31268	None	48764
   308	gnomad_ac_gs	11214	14422	4424
   309	gnomad_af_es	0.344399988651	-1.0	0.374199986458
   310	gnomad_af_gs	0.5	0.61470001936	0.35150000453
   311	gnomad_an_es	121150	None	204110
   312	gnomad_an_gs	24570	29008	23558
   313	gnomad_hom_es	36	None	144
   314	gnomad_hom_gs	None	None	None
   315	max_aaf_all	0.496800005436	-1.0	0.396899998188
   316	num_exac_het	56717	None	32391
   317	num_exac_hom	23	None	89
   318	phastcons20way_mammalian	0.068000	None	None
   319	phylop20way_mammalian	0.700000	None	None
   320	rs_ids	COSM1626359,COSM1626358	rs437905	rs58502471,rs796218806
   321	technology_illumina	None	None	None
   322	allele	A	C	-
   323	feature_type	Transcript	Transcript	Transcript
   324	intron		5/6	3/14
   325	hgvsc	ENST00000332296.7:c.314T>A	ENST00000540383.1:n.724-2A>G	NM_001271733.1:c.338+1del
   326	hgvsp	ENSP00000332134.7:p.Leu105Ter		
   327	cdna_position	417/2160		
   328	cds_position	314/1425		
   329	existing_variation	rs79698223	rs437905	rs58502471
   330	allele_num	1	1	1
   331	distance			
   332	strand	1	-1	-1
   333	flags			
   334	variant_class	SNV	SNV	deletion
   335	symbol_source	HGNC	HGNC	EntrezGene
   336	hgnc_id	28840	28170	7390
   337	tsl			
   338	appris			
   339	ccds	CCDS148.1		
   340	ensp	ENSP00000332134		NP_001258662.1
   341	swissprot	O95521		
   342	trembl			
   343	uniparc	UPI00000715BF		
   344	refseq_match			
   345	given_ref	T	T	C
   346	used_ref	T	T	C
   347	bam_edit			
   348	gene_pheno			
   349	domains	hmmpanther:PTHR14224:SF2&hmmpanther:PTHR14224&PIRSF_domain:PIRSF038286		
   350	hgvs_offset			
   351	afr_af			0.1611
   352	amr_af			0.2594
   353	eas_af			0.3621
   354	eur_af			0.2654
   355	sas_af			0.2229
   356	aa_af			
   357	ea_af			
   358	gnomad_afr_af	0.07604		0.1716
   359	gnomad_amr_af	0.2192		0.2003
   360	gnomad_asj_af	0.3285		0.2559
   361	gnomad_eas_af	0.1512		0.3742
   362	gnomad_fin_af	0.3444		0.2894
   363	gnomad_nfe_af	0.3119		0.2465
   364	gnomad_oth_af	0.2343		0.2663
   365	gnomad_sas_af	0.2563		0.1794
   366	max_af	0.3444		0.3742
   367	max_af_pops	gnomAD_FIN		gnomAD_EAS
   368	clin_sig			
   369	somatic			
   370	pheno			
   371	pubmed			
   372	motif_name			
   373	motif_pos			
   374	high_inf_pos			
   375	motif_score_change			
   376	lof	HC		HC
   377	lof_filter			
   378	lof_flags			
   379	lof_info	GERP_DIST:0&BP_DIST:1110&PERCENTILE:0.220350877192982&DIST_FROM_LAST_EXON:552&50_BP_RULE:PASS		DONOR_DISRUPTING&CRYPTIC_DONOR_MES:2.71958780120712&RESCUE_DONOR_MES:-2.51550782153882&CRYPTIC_DONOR_POS:-10&RESCUE_DONOR_POS:-6&INTRON_SIZE:260
   380	maxentscan_alt		-4.996	
   381	maxentscan_diff		7.955	
   382	maxentscan_ref		2.959	
   383	spliceregion			
